Kriteria,Mean
Luas,4706.666666666667
Populasi,351.5833333333333
