Kriteria,Standar Deviasi
Luas,5333.975003066037
Populasi,453.10995220572994
